Handle,Title,Body (HTML),Vendor,Product Category,Type,Tags,Published,Option1 Name,Option1 Value,Option1 Linked To,Option2 Name,Option2 Value,Option2 Linked To,Option3 Name,Option3 Value,Option3 Linked To,Variant SKU,Variant Grams,Variant Inventory Tracker,Variant Inventory Policy,Variant Fulfillment Service,Variant Price,Variant Compare At Price,Variant Requires Shipping,Variant Taxable,Unit Price Total Measure,Unit Price Total Measure Unit,Unit Price Base Measure,Unit Price Base Measure Unit,Variant Barcode,Image Src,Image Position,Image Alt Text,Gift Card,SEO Title,SEO Description,Bestseller sort (product.metafields.custom.bestseller_sort),Best for (product.metafields.custom.best_for),Creator note creator (slug) (product.metafields.custom.creator_note_creator),Creator note quote (product.metafields.custom.creator_note_quote),How it wears (product.metafields.custom.how_it_wears),How to use (product.metafields.custom.how_to_use),Made the edit (product.metafields.custom.made_the_edit),Related products (product.metafields.custom.related_products),Short description (product.metafields.custom.short_description),Why it made the edit (product.metafields.custom.why_it_made_the_edit),Snowboard binding mount (product.metafields.test_data.binding_mount),Snowboard length (product.metafields.test_data.snowboard_length),Variant Image,Variant Weight Unit,Variant Tax Code,Cost per item,Included / Canada,Price / Canada,Compare At Price / Canada,Status
yunjac-skin-perfecting-protective-base-prep,Skin Perfecting Protective Base Prep,<p>A protective base prep that smooths skin under makeup. 25 ml.</p>,YUNJAC,,Prep & Finish,"makeup, new, prep-and-finish",true,Option,Pearl Echo,,,,,,,,yunjac-skin-perfecting-protective-base-prep-01,0.0,shopify,deny,manual,52.00,,true,true,,,,,,https://cdn.shopify.com/s/files/1/0830/5741/0292/files/yunjac-skin-perfecting-base-prep-01.webp?v=1779882758,1,"",false,,,,"Under base
Daily prep
Even-finish skin",,,,"After skincare, press a pea-sized amount across the face. Allow to settle, then apply base.",,,A protective base prep that smooths skin under makeup. 25 ml.,"A base prep that reads as skincare, with two distinct finishes: a soft pearled glow and a quiet velvet matte. Designed to live under base, not on top of it.",,,,lb,,,,,,active
yunjac-skin-perfecting-protective-base-prep,,,,,,,,,Silent Velvet,,,,,,,,yunjac-skin-perfecting-protective-base-prep-02,0.0,shopify,deny,manual,52.00,,true,true,,,,,,https://cdn.shopify.com/s/files/1/0830/5741/0292/files/yunjac-skin-perfecting-base-prep-02.webp?v=1779882758,2,"",,,,,,,,,,,,,,,,,lb,,,,,,
toxnfill-eye-and-face-serum,Eye & Face Serum,<p>A slow-aging serum for eye and face. 30 ml.</p>,TOXNFILL,,Lip & Eye Care,"lip-and-eye-care, new, skincare",true,Option,30 ml,,,,,,,,toxnfill-eye-and-face-serum-01,0.0,shopify,deny,manual,48.00,,true,true,,,,,,https://cdn.shopify.com/s/files/1/0830/5741/0292/files/toxnfill-eye-face-serum-01.webp?v=1779882753,1,"",false,,,,"Eye area
Lift and elasticity
Daily use",,,,Dispense one to two pumps. Press across the face and gently pat around the eye area morning and night.,,,A slow-aging serum for eye and face. 30 ml.,"A single serum that does double duty across the eye area and the face, with a slow-aging brief focused on lift, elasticity, and the wrinkle barrier.",,,,lb,,,,,,active
toxnfill-eye-and-face-serum,,,,,,,,,,,,,,,,,,,,,,,,,,,,,,,https://cdn.shopify.com/s/files/1/0830/5741/0292/files/toxnfill-eye-face-serum-02.webp?v=1779882753,2,"",,,,,,,,,,,,,,,,,,,,,,,
toxnfill-eye-and-face-serum,,,,,,,,,,,,,,,,,,,,,,,,,,,,,,,https://cdn.shopify.com/s/files/1/0830/5741/0292/files/toxnfill-eye-face-serum-03.webp?v=1779882753,3,"",,,,,,,,,,,,,,,,,,,,,,,
the-whoo-royal-regina-energetic-special-set,Royal Regina Energetic Special Set,"<p>The Royal Regina duo: Serum 30 ml and Cream 50 ml, with travel companions.</p>",The Whoo,,Prep & Hydrate,"limited, new, prep-and-hydrate, skincare",true,Option,Serum 30 ml + Cream 50 ml,,,,,,,,the-whoo-royal-regina-energetic-special-set-01,0.0,shopify,deny,manual,188.00,,true,true,,,,,,https://cdn.shopify.com/s/files/1/0830/5741/0292/files/the-whoo-royal-regina-set-01.webp?v=1779882749,1,"",false,,,,"Daily ritual
Gifting
Mature skin",,,,"After cleansing and toning, press the Energetic Repair Serum across the face, then seal with the Royal Regina Cream morning and night.",,,"The Royal Regina duo: Serum 30 ml and Cream 50 ml, with travel companions.",The Royal Regina line distilled into a two-step ritual. A heritage skincare set with the kind of object weight and finish that justifies a slow shelf.,,,,lb,,,,,,active
the-whoo-royal-regina-energetic-special-set,,,,,,,,,,,,,,,,,,,,,,,,,,,,,,,https://cdn.shopify.com/s/files/1/0830/5741/0292/files/the-whoo-royal-regina-set-02.webp?v=1779882749,2,"",,,,,,,,,,,,,,,,,,,,,,,
sum37-secret-rice-nuruk-daily-exfoliating-cleanser,Secret Rice Nuruk Daily Exfoliating Cleanser,"<p>A daily exfoliating cleanser with Rice Nuruk Ferment, PHA and Ceramide. 120 g.</p>",su:m37°,,Cleanse & Remove,"cleanse-and-remove, new, skincare",true,Option,120 g,,,,,,,,sum37-secret-rice-nuruk-daily-exfoliating-cleanser-01,0.0,shopify,deny,manual,38.00,,true,true,,,,,,https://cdn.shopify.com/s/files/1/0830/5741/0292/files/sum37-rice-nuruk-exfoliating-cleanser-01.webp?v=1779882745,1,"",false,,,,"Daily use
Gentle exfoliation
Smoothing",,,,"Massage onto damp skin morning or night, then rinse with lukewarm water.",,,"A daily exfoliating cleanser with Rice Nuruk Ferment, PHA and Ceramide. 120 g.","A daily exfoliating cleanser from su:m37°'s naturally fermented line, built around Rice Nuruk Ferment with PHA and Ceramide.",,,,lb,,,,,,active
sum37-secret-rice-nuruk-daily-exfoliating-cleanser,,,,,,,,,,,,,,,,,,,,,,,,,,,,,,,https://cdn.shopify.com/s/files/1/0830/5741/0292/files/sum37-rice-nuruk-exfoliating-cleanser-02.webp?v=1779882745,2,"",,,,,,,,,,,,,,,,,,,,,,,
sum37-secret-rice-nuruk-daily-exfoliating-cleanser,,,,,,,,,,,,,,,,,,,,,,,,,,,,,,,https://cdn.shopify.com/s/files/1/0830/5741/0292/files/sum37-rice-nuruk-exfoliating-cleanser-03.webp?v=1779882745,3,"",,,,,,,,,,,,,,,,,,,,,,,
returnity-yulmu-skinclean-pore-ampoule,Yulmu Skinclean Pore Ampoule,<p>A yulmu ampoule for pore refinement and hydration. 40 ml.</p>,RETURNITY,,Masks & Treatments,"masks-and-treatments, new, skincare",true,Option,40 ml,,,,,,,,returnity-yulmu-skinclean-pore-ampoule-01,0.0,shopify,deny,manual,36.00,,true,true,,,,,,https://cdn.shopify.com/s/files/1/0830/5741/0292/files/returnity-yulmu-skinclean-pore-ampoule-01.webp?v=1779882740,1,"",false,,,,"Pore care
Smoothing
Hydration",,,,,,,A yulmu ampoule for pore refinement and hydration. 40 ml.,"A single-grain ampoule built around yulmu, with a quiet brief: refine pores, calm, hydrate.",,,,lb,,,,,,active
returnity-yulmu-skinclean-pore-ampoule,,,,,,,,,,,,,,,,,,,,,,,,,,,,,,,https://cdn.shopify.com/s/files/1/0830/5741/0292/files/returnity-yulmu-skinclean-pore-ampoule-02.webp?v=1779882740,2,"",,,,,,,,,,,,,,,,,,,,,,,
rejuran-biome-healer-youth-formula-cream,Biome Healer Youth Formula Cream,<p>A barrier cream from REJURAN's Biome Healer line. 50 ml.</p>,REJURAN,,Prep & Hydrate,"new, prep-and-hydrate, skincare",true,Option,50 ml,,,,,,,,rejuran-biome-healer-youth-formula-cream-01,0.0,shopify,deny,manual,64.00,,true,true,,,,,,https://cdn.shopify.com/s/files/1/0830/5741/0292/files/rejuran-biome-healer-youth-cream-01.webp?v=1779882736,1,"",false,,,,"Barrier support
Daily moisture",,,,,,,A barrier cream from REJURAN's Biome Healer line. 50 ml.,"A quiet, derm-leaning jar from REJURAN's Biome Healer line. The brief is barrier and biome rather than active overload.",,,,lb,,,,,,active
rejuran-biome-healer-youth-formula-cream,,,,,,,,,,,,,,,,,,,,,,,,,,,,,,,https://cdn.shopify.com/s/files/1/0830/5741/0292/files/rejuran-biome-healer-youth-cream-02.webp?v=1779882736,2,"",,,,,,,,,,,,,,,,,,,,,,,
lbb-goldrella-peptide-28-anti-melanin-essence,Goldrella Peptide 28 Anti-Melanin Essence,<p>A brightening essence with Goldrella Peptide. 150 ml.</p>,LBB,,Masks & Treatments,"masks-and-treatments, new, skincare",true,Option,150 ml,,,,,,,,lbb-goldrella-peptide-28-anti-melanin-essence-01,0.0,shopify,deny,manual,68.00,,true,true,,,,,,https://cdn.shopify.com/s/files/1/0830/5741/0292/files/lbb-goldrella-peptide-28-essence-01.webp?v=1779882733,1,"",false,,,,"Tone brightening
Pigmentation care
Elasticity",,,,"After toner, dispense a small amount and press evenly across the face morning and night. Follow with cream.",,,A brightening essence with Goldrella Peptide. 150 ml.,"A focused brightening essence built around Goldrella Peptide and Idebenonesome, with a clinical brief: tone, turnover, elasticity.",,,,lb,,,,,,active
lbb-goldrella-peptide-28-anti-melanin-essence,,,,,,,,,,,,,,,,,,,,,,,,,,,,,,,https://cdn.shopify.com/s/files/1/0830/5741/0292/files/lbb-goldrella-peptide-28-essence-02.webp?v=1779882733,2,"",,,,,,,,,,,,,,,,,,,,,,,
lbb-goldrella-peptide-28-anti-melanin-essence,,,,,,,,,,,,,,,,,,,,,,,,,,,,,,,https://cdn.shopify.com/s/files/1/0830/5741/0292/files/lbb-goldrella-peptide-28-essence-03.webp?v=1779882733,3,"",,,,,,,,,,,,,,,,,,,,,,,
hera-homme-black-active-2p-set,Homme Black Active 2P Set,<p>A two-step men's ritual: Toner 125 ml and Emulsion 110 ml.</p>,HERA,,Prep & Hydrate,"new, prep-and-hydrate, skincare",true,Option,Toner 125 ml + Emulsion 110 ml,,,,,,,,hera-homme-black-active-2p-set-01,0.0,shopify,deny,manual,98.00,,true,true,,,,,,https://cdn.shopify.com/s/files/1/0830/5741/0292/files/hera-homme-black-active-set-01.webp?v=1779882728,1,"",false,,,,"Men's daily ritual
Two-step routines
Gifting",,,,"Morning and night after cleansing, smooth the toner across the face, then follow with the emulsion.",,,A two-step men's ritual: Toner 125 ml and Emulsion 110 ml.,"HERA's quiet, prestige men's ritual paired in a single set: a refining toner and a comforting emulsion in dark, weighted glass.",,,,lb,,,,,,active
hera-homme-black-active-2p-set,,,,,,,,,,,,,,,,,,,,,,,,,,,,,,,https://cdn.shopify.com/s/files/1/0830/5741/0292/files/hera-homme-black-active-set-02.webp?v=1779882728,2,"",,,,,,,,,,,,,,,,,,,,,,,
hera-homme-black-active-2p-set,,,,,,,,,,,,,,,,,,,,,,,,,,,,,,,https://cdn.shopify.com/s/files/1/0830/5741/0292/files/hera-homme-black-active-set-03.webp?v=1779882728,3,"",,,,,,,,,,,,,,,,,,,,,,,
fully-green-tomato-cream,Green Tomato Cream,<p>A vegan pore-lifting cream with 65% green tomato. 90 ml.</p>,Fully,,Prep & Hydrate,"new, prep-and-hydrate, skincare",true,Option,90 ml,,,,,,,,fully-green-tomato-cream-01,0.0,shopify,deny,manual,32.00,,true,true,,,,,,https://cdn.shopify.com/s/files/1/0830/5741/0292/files/fully-green-tomato-cream-01.webp?v=1779882723,1,"",false,,,,"Pore care
Daily moisture
Vegan routines",,,,"After serum, scoop a small amount and press evenly across the face morning and night.",,,A vegan pore-lifting cream with 65% green tomato. 90 ml.,"A clean, single-hero formula: 65% green tomato in a vegan base, with a clear pore-lifting brief.",,,,lb,,,,,,active
fully-green-tomato-cream,,,,,,,,,,,,,,,,,,,,,,,,,,,,,,,https://cdn.shopify.com/s/files/1/0830/5741/0292/files/fully-green-tomato-cream-02.webp?v=1779882723,2,"",,,,,,,,,,,,,,,,,,,,,,,
fully-green-tomato-cream,,,,,,,,,,,,,,,,,,,,,,,,,,,,,,,https://cdn.shopify.com/s/files/1/0830/5741/0292/files/fully-green-tomato-cream-03.webp?v=1779882723,3,"",,,,,,,,,,,,,,,,,,,,,,,
easydew-lift-pdrn-neck-patch,Lift PDRN Neck Patch,"<p>A lifting neck patch with DW-EGF, PDRN, and peptide complex. 4 sheets.</p>",Easydew,,Masks & Treatments,"masks-and-treatments, new, skincare",true,Option,4 sheets,,,,,,,,easydew-lift-pdrn-neck-patch-01,0.0,shopify,deny,manual,42.00,,true,true,,,,,,https://cdn.shopify.com/s/files/1/0830/5741/0292/files/easydew-lift-pdrn-neck-patch-01.webp?v=1779882718,1,"",false,,,,"Neck care
Lift and firm
Targeted treatment",,,,"After cleansing and toning, apply a patch to the neck area. Leave on for 20 to 30 minutes, then gently pat any remaining essence into the skin.",,,"A lifting neck patch with DW-EGF, PDRN, and peptide complex. 4 sheets.",,,,,lb,,,,,,active
easydew-lift-pdrn-neck-patch,,,,,,,,,,,,,,,,,,,,,,,,,,,,,,,https://cdn.shopify.com/s/files/1/0830/5741/0292/files/easydew-lift-pdrn-neck-patch-02.webp?v=1779882718,2,"",,,,,,,,,,,,,,,,,,,,,,,
easydew-lift-pdrn-neck-patch,,,,,,,,,,,,,,,,,,,,,,,,,,,,,,,https://cdn.shopify.com/s/files/1/0830/5741/0292/files/easydew-lift-pdrn-neck-patch-03.webp?v=1779882718,3,"",,,,,,,,,,,,,,,,,,,,,,,
demar3-signature-silt-vale-creme,Signature Silt Vale Crème,<p>A nourishing cream with mineral-rich silt extract. 50 ml.</p>,DEMAR3,,Prep & Hydrate,"prep-and-hydrate, skincare",true,Option,50 ml,,,,,,,,demar3-signature-silt-vale-creme-01,0.0,shopify,deny,manual,82.00,,true,true,,,,,,https://cdn.shopify.com/s/files/1/0830/5741/0292/files/demar3-signature-silt-vale-creme-01.webp?v=1779882713,1,"",false,,,,"Skin clarity
Elasticity
Daily moisture",,,,"After serum, dispense a small amount and press evenly across the face morning and night.",,,A nourishing cream with mineral-rich silt extract. 50 ml.,"A sculptural dark-tube cream built around Centella Asiatica from a secluded Kerala jungle and Madecassoside, for skin that feels clear and elastic.",,,,lb,,,,,,active
demar3-signature-silt-vale-creme,,,,,,,,,,,,,,,,,,,,,,,,,,,,,,,https://cdn.shopify.com/s/files/1/0830/5741/0292/files/demar3-signature-silt-vale-creme-02.webp?v=1779882713,2,"",,,,,,,,,,,,,,,,,,,,,,,
demar3-etsere-melatonic-ampoule,Etsere Melatonic Ampoule,<p>A concentrated brightening ampoule for tone correction. 30 ml.</p>,DEMAR3,,Masks & Treatments,"masks-and-treatments, skincare",true,Option,30 ml,,,,,,,,demar3-etsere-melatonic-ampoule-01,0.0,shopify,deny,manual,64.00,,true,true,,,,,,https://cdn.shopify.com/s/files/1/0830/5741/0292/files/demar3-etsere-melatonic-ampoule-01.webp?v=1779882709,1,"",false,,,,"Dull-looking skin
Tone brightening
Daily glow",,,,"After toner, dispense a small amount and press evenly across the face morning and night. Follow with cream.",,,A concentrated brightening ampoule for tone correction. 30 ml.,"A quiet, sculptural ampoule with a focused brief: brighten dark, dull-looking skin and leave a healthy, glowing finish.",,,,lb,,,,,,active
demar3-etsere-melatonic-ampoule,,,,,,,,,,,,,,,,,,,,,,,,,,,,,,,https://cdn.shopify.com/s/files/1/0830/5741/0292/files/demar3-etsere-melatonic-ampoule-02.webp?v=1779882709,2,"",,,,,,,,,,,,,,,,,,,,,,,
demar3-etsere-melatonic-ampoule,,,,,,,,,,,,,,,,,,,,,,,,,,,,,,,https://cdn.shopify.com/s/files/1/0830/5741/0292/files/demar3-etsere-melatonic-ampoule-03.webp?v=1779882709,3,"",,,,,,,,,,,,,,,,,,,,,,,
demar3-etsere-melacare-creme,Etsere Melacare Crème,<p>A brightening cream with melanin-care actives. 50 ml.</p>,DEMAR3,,Prep & Hydrate,"prep-and-hydrate, skincare",true,Option,50 ml,,,,,,,,demar3-etsere-melacare-creme-01,0.0,shopify,deny,manual,72.00,,true,true,,,,,,https://cdn.shopify.com/s/files/1/0830/5741/0292/files/demar3-etsere-melacare-creme-01.webp?v=1779882704,1,"",false,,,,"Dry-looking skin
Tone brightening
Daily moisture",,,A cushiony cream that melts in and finishes soft and glowing rather than tacky.,"After serum, scoop a pea-sized amount and press evenly across the face morning and night.",,,A brightening cream with melanin-care actives. 50 ml.,"A quiet, sculptural jar with a focused brief: smooth dry-looking skin, brighten tone, and leave a healthy, glowing finish.",,,,lb,,,,,,active
demar3-etsere-melacare-creme,,,,,,,,,,,,,,,,,,,,,,,,,,,,,,,https://cdn.shopify.com/s/files/1/0830/5741/0292/files/demar3-etsere-melacare-creme-02.webp?v=1779882704,2,"",,,,,,,,,,,,,,,,,,,,,,,
demar3-etsere-melacare-creme,,,,,,,,,,,,,,,,,,,,,,,,,,,,,,,https://cdn.shopify.com/s/files/1/0830/5741/0292/files/demar3-etsere-melacare-creme-03.webp?v=1779882704,3,"",,,,,,,,,,,,,,,,,,,,,,,
cosme-chef-heukdango-ampoule,Heukdango Ampoule,<p>A black rice ferment ampoule for elasticity and nourishment. 30 ml.</p>,Cosme Chef,,Masks & Treatments,"masks-and-treatments, skincare",true,Option,30 ml,,,,,,,,cosme-chef-heukdango-ampoule-01,0.0,shopify,deny,manual,32.00,,true,true,,,,,,https://cdn.shopify.com/s/files/1/0830/5741/0292/files/cosme-chef-heukdango-ampoule-01.webp?v=1779882699,1,"",false,,,,,,,,,,,A black rice ferment ampoule for elasticity and nourishment. 30 ml.,,,,,lb,,,,,,active
cosme-chef-heukdango-ampoule,,,,,,,,,,,,,,,,,,,,,,,,,,,,,,,https://cdn.shopify.com/s/files/1/0830/5741/0292/files/cosme-chef-heukdango-ampoule-02.webp?v=1779882699,2,"",,,,,,,,,,,,,,,,,,,,,,,
cosme-chef-heukdango-ampoule,,,,,,,,,,,,,,,,,,,,,,,,,,,,,,,https://cdn.shopify.com/s/files/1/0830/5741/0292/files/cosme-chef-heukdango-ampoule-03.webp?v=1779882699,3,"",,,,,,,,,,,,,,,,,,,,,,,
cosme-chef-baekdango-ampoule,Baekdango Ampoule,<p>A rice wine ferment ampoule for tone and hydration. 30 ml.</p>,Cosme Chef,,Masks & Treatments,"masks-and-treatments, skincare",true,Option,30 ml,,,,,,,,cosme-chef-baekdango-ampoule-01,0.0,shopify,deny,manual,32.00,,true,true,,,,,,https://cdn.shopify.com/s/files/1/0830/5741/0292/files/cosme-chef-baekdango-ampoule-01.webp?v=1779882695,1,"",false,,,,,,,,,,,A rice wine ferment ampoule for tone and hydration. 30 ml.,,,,,lb,,,,,,active
cosme-chef-baekdango-ampoule,,,,,,,,,,,,,,,,,,,,,,,,,,,,,,,https://cdn.shopify.com/s/files/1/0830/5741/0292/files/cosme-chef-baekdango-ampoule-02.webp?v=1779882695,2,"",,,,,,,,,,,,,,,,,,,,,,,
cosme-chef-baekdango-ampoule,,,,,,,,,,,,,,,,,,,,,,,,,,,,,,,https://cdn.shopify.com/s/files/1/0830/5741/0292/files/cosme-chef-baekdango-ampoule-03.webp?v=1779882695,3,"",,,,,,,,,,,,,,,,,,,,,,,
biodance-skin-glow-essence-cream,Skin Glow Essence Cream,"<p>A lightweight essence cream for a dewy, glowing complexion. 50 ml.</p>",Biodance,,Prep & Hydrate,"prep-and-hydrate, skincare",true,Option,50 ml,,,,,,,,biodance-skin-glow-essence-cream-01,0.0,shopify,deny,manual,36.00,,true,true,,,,,,https://cdn.shopify.com/s/files/1/0830/5741/0292/files/biodance-skin-glow-essence-cream-01.webp?v=1779882690,1,"",false,,,,"Daily moisture
Barrier care
Glow finish under makeup",,,"An essence-light cream that absorbs quickly and leaves a soft, glowy finish rather than a heavy film.","After serum, pump a small amount and press evenly across the face morning and night.",,,"A lightweight essence cream for a dewy, glowing complexion. 50 ml.",,,,,lb,,,,,,active
biodance-skin-glow-essence-cream,,,,,,,,,,,,,,,,,,,,,,,,,,,,,,,https://cdn.shopify.com/s/files/1/0830/5741/0292/files/biodance-skin-glow-essence-cream-02.webp?v=1779882690,2,"",,,,,,,,,,,,,,,,,,,,,,,
biodance-skin-glow-essence-cream,,,,,,,,,,,,,,,,,,,,,,,,,,,,,,,https://cdn.shopify.com/s/files/1/0830/5741/0292/files/biodance-skin-glow-essence-cream-03.webp?v=1779882690,3,"",,,,,,,,,,,,,,,,,,,,,,,
athe-porexel-programming-ampoule-duo,Porexel Programming Ampoule Duo,<p>A two-step ampoule programme for pore refinement and hydration.</p>,a;t fox,,Masks & Treatments,"bestseller, made-the-edit, masks-and-treatments, skincare",true,Option,Duo set,,,,,,,,athe-porexel-programming-ampoule-duo-01,0.0,shopify,deny,manual,54.00,,true,true,,,,,,https://cdn.shopify.com/s/files/1/0830/5741/0292/files/athe-porexel-programming-ampoule-01.webp?v=1779882685,1,"",false,,,'10,"Pore elasticity care
Short treatment cycles
Targeted ritual",,,,"Use one bottle as a 7-day programme. After cleansing and toning, press a few drops onto the face before serum and moisturiser.",TRUE,,A two-step ampoule programme for pore refinement and hydration.,,,,,lb,,,,,,active
athe-porexel-programming-ampoule-duo,,,,,,,,,,,,,,,,,,,,,,,,,,,,,,,https://cdn.shopify.com/s/files/1/0830/5741/0292/files/athe-porexel-programming-ampoule-02.webp?v=1779882685,2,"",,,,,,,,,,,,,,,,,,,,,,,
athe-porexel-programming-ampoule-duo,,,,,,,,,,,,,,,,,,,,,,,,,,,,,,,https://cdn.shopify.com/s/files/1/0830/5741/0292/files/athe-porexel-programming-ampoule-03.webp?v=1779882685,3,"",,,,,,,,,,,,,,,,,,,,,,,
anua-rice-70-glow-milky-set,Rice 70 Glow Milky Set,"<p>A rice-extract hydration set with toner, essence, and cream.</p>",Anua,,Prep & Hydrate,"prep-and-hydrate, skincare",true,Option,Full set,,,,,,,,anua-rice-70-glow-milky-set-01,0.0,shopify,deny,manual,42.00,,true,true,,,,,,https://cdn.shopify.com/s/files/1/0830/5741/0292/files/anua-rice-70-glow-milky-set-01.webp?v=1779882681,1,"",false,,,,,,,,,,,"A rice-extract hydration set with toner, essence, and cream.",,,,,lb,,,,,,active
anua-rice-70-glow-milky-set,,,,,,,,,,,,,,,,,,,,,,,,,,,,,,,https://cdn.shopify.com/s/files/1/0830/5741/0292/files/anua-rice-70-glow-milky-set-02.webp?v=1779882681,2,"",,,,,,,,,,,,,,,,,,,,,,,
anua-rice-70-glow-milky-set,,,,,,,,,,,,,,,,,,,,,,,,,,,,,,,https://cdn.shopify.com/s/files/1/0830/5741/0292/files/anua-rice-70-glow-milky-set-03.webp?v=1779882681,3,"",,,,,,,,,,,,,,,,,,,,,,,
ahc-colla-juvenation-lift-4-treatment-essence,Colla-Juvenation Lift 4 Treatment Essence,<p>A lifting essence with collagen and peptides. 150 ml.</p>,AHC,,Masks & Treatments,"made-the-edit, masks-and-treatments, skincare",true,Option,150 ml,,,,,,,,ahc-colla-juvenation-lift-4-treatment-essence-01,0.0,shopify,deny,manual,58.00,,true,true,,,,,,https://cdn.shopify.com/s/files/1/0830/5741/0292/files/ahc-colla-juvenation-lift4-essence-01.webp?v=1779882676,1,"",false,,,,"First step after cleansing
Layering under serum
Daily hydration",,,,"After cleansing, press 2 to 3 drops into the skin morning and night before serum and moisturiser.",TRUE,,A lifting essence with collagen and peptides. 150 ml.,,,,,lb,,,,,,active
ahc-colla-juvenation-lift-4-treatment-essence,,,,,,,,,,,,,,,,,,,,,,,,,,,,,,,https://cdn.shopify.com/s/files/1/0830/5741/0292/files/ahc-colla-juvenation-lift4-essence-02.webp?v=1779882676,2,"",,,,,,,,,,,,,,,,,,,,,,,
the-whoo-essential-lip-glow-balm,Essential Lip Glow Balm,<p>A heritage lip balm with a subtle glow and gilded case.</p>,The Whoo,,Lip,"lips, makeup",true,Option,01 Nude,,,,,,,,the-whoo-essential-lip-glow-balm-01,0.0,shopify,deny,manual,32.00,,true,true,,,,,,https://cdn.shopify.com/s/files/1/0830/5741/0292/files/the-whoo-essential-lip-glow-balm-01.webp?v=1779882672,1,"",false,,,,"Daily lip care
Soft tinted finish
Dressing up bare skin",,,,Glide directly onto bare lips for a sheer wash of colour and comfort. Reapply through the day as needed.,,,A heritage lip balm with a subtle glow and gilded case.,,,,,lb,,,,,,active
the-whoo-essential-lip-glow-balm,,,,,,,,,02 Pink,,,,,,,,the-whoo-essential-lip-glow-balm-02,0.0,shopify,deny,manual,32.00,,true,true,,,,,,https://cdn.shopify.com/s/files/1/0830/5741/0292/files/the-whoo-essential-lip-glow-balm-02.webp?v=1779882672,2,"",,,,,,,,,,,,,,,,,lb,,,,,,
the-whoo-essential-lip-glow-balm,,,,,,,,,,,,,,,,,,,,,,,,,,,,,,,https://cdn.shopify.com/s/files/1/0830/5741/0292/files/the-whoo-essential-lip-glow-balm-03.webp?v=1779882672,3,"",,,,,,,,,,,,,,,,,,,,,,,
surratt-torche-lumiere,Torche Lumière,"<p>A light-catching highlighter pen for sculpted, lit-from-within glow.</p>",SURRATT,,Face,"face, makeup",true,Option,One size,,,,,,,,surratt-torche-lumiere-01,0.0,shopify,deny,manual,48.00,,true,true,,,,,,https://cdn.shopify.com/s/files/1/0830/5741/0292/files/surratt-torche-lumiere-01.webp?v=1779882667,1,"",false,,,,"Cheekbones
Brow bone
Layering over base",,,"A cushioned cream that melts onto skin and leaves a soft, reflective glow without glitter.",Sweep directly onto the high points of the face and tap out the edges with a fingertip.,,,"A light-catching highlighter pen for sculpted, lit-from-within glow.",,,,,lb,,,,,,active
surratt-torche-lumiere,,,,,,,,,,,,,,,,,,,,,,,,,,,,,,,https://cdn.shopify.com/s/files/1/0830/5741/0292/files/surratt-torche-lumiere-02.webp?v=1779882667,2,"",,,,,,,,,,,,,,,,,,,,,,,
sum37-skin-stay-moisture-lipcerin,Skin Stay Moisture Lipcerin,"<p>A moisture-rich lip serum with a glossy, hydrating finish.</p>",su:m37°,,Lip,"lips, makeup",true,Option,01 Pure Nude,,,,,,,,sum37-skin-stay-moisture-lipcerin-01,0.0,shopify,deny,manual,26.00,,true,true,,,,,,https://cdn.shopify.com/s/files/1/0830/5741/0292/files/sum37-skin-stay-moisture-lipcerin-01.webp?v=1779882664,1,"",false,,,,"Dry, tight lips
Overnight care
Layering under colour",,,,"Press a small amount onto clean lips morning and night, or use as a hydrating base before lip colour.",,,"A moisture-rich lip serum with a glossy, hydrating finish.",,,,,lb,,,,,,active
sum37-skin-stay-moisture-lipcerin,,,,,,,,,02 Coral Touch,,,,,,,,sum37-skin-stay-moisture-lipcerin-02,0.0,shopify,deny,manual,26.00,,true,true,,,,,,https://cdn.shopify.com/s/files/1/0830/5741/0292/files/sum37-skin-stay-moisture-lipcerin-02.webp?v=1779882664,2,"",,,,,,,,,,,,,,,,,lb,,,,,,
sum37-skin-stay-moisture-lipcerin,,,,,,,,,,,,,,,,,,,,,,,,,,,,,,,https://cdn.shopify.com/s/files/1/0830/5741/0292/files/sum37-skin-stay-moisture-lipcerin-03.webp?v=1779882664,3,"",,,,,,,,,,,,,,,,,,,,,,,
simihaze-velvet-blur-lip-balm,Velvet Blur Lip Balm,<p>A velvet-finish lip balm with a soft blur effect.</p>,SIMIHAZE BEAUTY,,Lip,"lips, makeup",true,Option,Soft Haze,,,,,,,,simihaze-velvet-blur-lip-balm-01,0.0,shopify,deny,manual,28.00,,true,true,,,,,,https://cdn.shopify.com/s/files/1/0830/5741/0292/files/simihaze-velvet-blur-lip-balm-01.webp?v=1779882658,1,"",false,,,,,,,,,,,A velvet-finish lip balm with a soft blur effect.,,,,,lb,,,,,,active
simihaze-velvet-blur-lip-balm,,,,,,,,,Warm Dust,,,,,,,,simihaze-velvet-blur-lip-balm-02,0.0,shopify,deny,manual,28.00,,true,true,,,,,,https://cdn.shopify.com/s/files/1/0830/5741/0292/files/simihaze-velvet-blur-lip-balm-02.webp?v=1779882659,2,"",,,,,,,,,,,,,,,,,lb,,,,,,
simihaze-velvet-blur-lip-balm,,,,,,,,,,,,,,,,,,,,,,,,,,,,,,,https://cdn.shopify.com/s/files/1/0830/5741/0292/files/simihaze-velvet-blur-lip-balm-03.webp?v=1779882659,3,"",,,,,,,,,,,,,,,,,,,,,,,
romand-black-lip-trio-edition,Black Lip Trio Edition,"<p>A three-lip set in a collectible black case. Tint, gloss, and matte.</p>",rom&nd,,Lip,"lips, made-the-edit, makeup",true,Option,01 Dusty Pink,,,,,,,,romand-black-lip-trio-edition-01,0.0,shopify,deny,manual,28.00,,true,true,,,,,,https://cdn.shopify.com/s/files/1/0830/5741/0292/files/romand-black-lip-trio-01.webp?v=1779882654,1,"",false,,,,"Editorial looks
Layered lip
High-contrast makeup",,,A juicy lasting tint finish that sets to a soft stain. Pigment-forward in a single pass.,"Apply directly from the doe-foot for a saturated lip, or press in with a fingertip for a blurred stain.",TRUE,,"A three-lip set in a collectible black case. Tint, gloss, and matte.",,,,,lb,,,,,,active
romand-black-lip-trio-edition,,,,,,,,,02 Fig Mauve,,,,,,,,romand-black-lip-trio-edition-02,0.0,shopify,deny,manual,28.00,,true,true,,,,,,https://cdn.shopify.com/s/files/1/0830/5741/0292/files/romand-black-lip-trio-02.webp?v=1779882654,2,"",,,,,,,,,,,,,,,,,lb,,,,,,
romand-black-lip-trio-edition,,,,,,,,,,,,,,,,,,,,,,,,,,,,,,,https://cdn.shopify.com/s/files/1/0830/5741/0292/files/romand-black-lip-trio-03.webp?v=1779882654,3,"",,,,,,,,,,,,,,,,,,,,,,,
rmk-pure-complexion-blush,Pure Complexion Blush,"<p>A sheer, buildable powder blush for a natural flush.</p>",RMK,,Face,"face, makeup",true,Option,01 Shy Pink,,,,,,,,rmk-pure-complexion-blush-01,0.0,shopify,deny,manual,36.00,,true,true,,,,,,https://cdn.shopify.com/s/files/1/0830/5741/0292/files/rmk-pure-complexion-blush-01.webp?v=1779882649,1,"",false,,,,"Soft daily flush
Layering over base
Travel-friendly",,,Finely milled powder that lays evenly without dragging. Reads as a soft flush rather than a stripe of colour.,"Sweep a soft brush across the pan and tap off excess, then build colour onto the apples of the cheeks and blend outward.",,,"A sheer, buildable powder blush for a natural flush.",,,,,lb,,,,,,active
rmk-pure-complexion-blush,,,,,,,,,02 Baby Coral,,,,,,,,rmk-pure-complexion-blush-02,0.0,shopify,deny,manual,36.00,,true,true,,,,,,https://cdn.shopify.com/s/files/1/0830/5741/0292/files/rmk-pure-complexion-blush-02.webp?v=1779882649,2,"",,,,,,,,,,,,,,,,,lb,,,,,,
rmk-pure-complexion-blush,,,,,,,,,03 Dusk Rose,,,,,,,,rmk-pure-complexion-blush-03,0.0,shopify,deny,manual,36.00,,true,true,,,,,,https://cdn.shopify.com/s/files/1/0830/5741/0292/files/rmk-pure-complexion-blush-03.webp?v=1779882649,3,"",,,,,,,,,,,,,,,,,lb,,,,,,
portre-tint-glow-jour,Tint Glow Jour,<p>A glow-finish lip tint with sculptural packaging.</p>,Portré,,Lip,"lips, makeup",true,Option,01 Mute Rose,,,,,,,,portre-tint-glow-jour-01,0.0,shopify,deny,manual,26.00,,true,true,,,,,,https://cdn.shopify.com/s/files/1/0830/5741/0292/files/portre-tint-glow-jour-01.webp?v=1779882643,1,"",false,,,,"Daily wear
Glossy finish
Layering over balm",,,"Glossy, cushioned finish with saturated colour from a single dab.",Dab the doe-foot applicator onto the centre of the lips and press out with a fingertip for a softer edge.,,,A glow-finish lip tint with sculptural packaging.,,,,,lb,,,,,,active
portre-tint-glow-jour,,,,,,,,,02 Fig Cashmere,,,,,,,,portre-tint-glow-jour-02,0.0,shopify,deny,manual,26.00,,true,true,,,,,,https://cdn.shopify.com/s/files/1/0830/5741/0292/files/portre-tint-glow-jour-02.webp?v=1779882643,2,"",,,,,,,,,,,,,,,,,lb,,,,,,
portre-tint-glow-jour,,,,,,,,,03 Coral Silk,,,,,,,,portre-tint-glow-jour-03,0.0,shopify,deny,manual,26.00,,true,true,,,,,,,,,,,,,,,,,,,,,,,,,lb,,,,,,
obge-perfect-homme-cushion,Perfect Homme Cushion,<p>A men's cushion with a natural matte finish. SPF 50+ PA++++.</p>,OBgE,,Face,"face, made-the-edit, makeup",true,Option,01 Light,,,,,,,,obge-perfect-homme-cushion-01,0.0,shopify,deny,manual,38.00,,true,true,,,,,,https://cdn.shopify.com/s/files/1/0830/5741/0292/files/obge-perfect-homme-cushion-01.webp?v=1779882639,1,"",false,,,,"Daily wear
Skin-true finish
Low-shine base",,,"Lightweight, low-shine finish that reads as skin. Buildable from a sheer evening to fuller coverage.","Press the puff onto the cushion, then tap onto the centre of the face and blend outward. Layer only where needed.",TRUE,,A men's cushion with a natural matte finish. SPF 50+ PA++++.,,,,,lb,,,,,,active
obge-perfect-homme-cushion,,,,,,,,,02 Natural,,,,,,,,obge-perfect-homme-cushion-02,0.0,shopify,deny,manual,38.00,,true,true,,,,,,https://cdn.shopify.com/s/files/1/0830/5741/0292/files/obge-perfect-homme-cushion-02.webp?v=1779882639,2,"",,,,,,,,,,,,,,,,,lb,,,,,,
ohui-ultimate-cover-primer,Ultimate Cover Primer,<p>A tone-correcting primer that smooths and preps skin under base. SPF 30 PA++.</p>,O HUI,,Prep & Finish,"made-the-edit, makeup, prep-and-finish",true,Option,One size,,,,,,,,ohui-ultimate-cover-primer-01,0.0,shopify,deny,manual,50.00,,true,true,,,,,,https://cdn.shopify.com/s/files/1/0830/5741/0292/files/ohui-ultimate-cover-primer-01.webp?v=1779882635,1,"",false,,,,"Tone correction
Smoothing base
Daily SPF prep",,,Lightweight primer that smooths and tone-corrects before base. SPF 20 PA++.,"After skincare, dispense a small amount and press across the face, focusing on areas where tone correction is needed. Follow with foundation or cushion.",TRUE,,A tone-correcting primer that smooths and preps skin under base. SPF 30 PA++.,,,,,lb,,,,,,active
ohui-ultimate-cover-primer,,,,,,,,,,,,,,,,,,,,,,,,,,,,,,,https://cdn.shopify.com/s/files/1/0830/5741/0292/files/ohui-ultimate-cover-primer-02.webp?v=1779882635,2,"",,,,,,,,,,,,,,,,,,,,,,,
ohui-ultimate-cover-primer,,,,,,,,,,,,,,,,,,,,,,,,,,,,,,,https://cdn.shopify.com/s/files/1/0830/5741/0292/files/ohui-ultimate-cover-primer-03.webp?v=1779882635,3,"",,,,,,,,,,,,,,,,,,,,,,,
nobev-easy-peasy-filter-cover-cushion,Easy Peasy Filter Cover Cushion,<p>A lightweight cushion with a natural filter finish. SPF 50+ PA++++.</p>,nobev,,Face,"face, made-the-edit, makeup",true,Option,01 Light,,,,,,,,nobev-easy-peasy-filter-cover-cushion-01,0.0,shopify,deny,manual,36.00,,true,true,,,,,,https://cdn.shopify.com/s/files/1/0830/5741/0292/files/nobev-easy-peasy-filter-cover-cushion-01.webp?v=1779882631,1,"",false,,,,"Daily wear
Soft-focus finish
Touch-ups on the go",,,Soft-focus finish with buildable coverage. Stays comfortable through wear without settling heavy.,"Press the puff onto the cushion, then tap onto the centre of the face and blend outward. Snap in the refill once the original runs out.",TRUE,,A lightweight cushion with a natural filter finish. SPF 50+ PA++++.,,,,,lb,,,,,,active
nobev-easy-peasy-filter-cover-cushion,,,,,,,,,02 Natural,,,,,,,,nobev-easy-peasy-filter-cover-cushion-02,0.0,shopify,deny,manual,36.00,,true,true,,,,,,https://cdn.shopify.com/s/files/1/0830/5741/0292/files/nobev-easy-peasy-filter-cover-cushion-02.webp?v=1779882631,2,"",,,,,,,,,,,,,,,,,lb,,,,,,
nobev-easy-peasy-filter-cover-cushion,,,,,,,,,,,,,,,,,,,,,,,,,,,,,,,https://cdn.shopify.com/s/files/1/0830/5741/0292/files/nobev-easy-peasy-filter-cover-cushion-03.webp?v=1779882631,3,"",,,,,,,,,,,,,,,,,,,,,,,
muzigae-mansion-twist-pot-eye-palette,Twist Pot Eye Palette,"<p>A compact, stackable eye palette with four coordinated shades.</p>",MUZIGAE MANSION,,Eyes,"eyes, makeup",true,Option,01 Warm Suede,,,,,,,,muzigae-mansion-twist-pot-eye-palette-01,0.0,shopify,deny,manual,28.00,,true,true,,,,,,https://cdn.shopify.com/s/files/1/0830/5741/0292/files/muzigae-twist-pot-eye-palette-01.webp?v=1779882626,1,"",false,,,,"Daily eye
Travel
Soft daily flush",,,"Four coordinated pans across matte, satin, and shimmer in each option. Pigment is buildable from a soft wash to a defined eye.","Sweep the lightest tone across the lid, layer the shimmer through the centre, and deepen the outer corner with the darkest pan.",,,"A compact, stackable eye palette with four coordinated shades.",,,,,lb,,,,,,active
muzigae-mansion-twist-pot-eye-palette,,,,,,,,,02 Cool Dust,,,,,,,,muzigae-mansion-twist-pot-eye-palette-02,0.0,shopify,deny,manual,28.00,,true,true,,,,,,https://cdn.shopify.com/s/files/1/0830/5741/0292/files/muzigae-twist-pot-eye-palette-02.webp?v=1779882626,2,"",,,,,,,,,,,,,,,,,lb,,,,,,
muzigae-mansion-twist-pot-eye-palette,,,,,,,,,,,,,,,,,,,,,,,,,,,,,,,https://cdn.shopify.com/s/files/1/0830/5741/0292/files/muzigae-twist-pot-eye-palette-03.webp?v=1779882626,3,"",,,,,,,,,,,,,,,,,,,,,,,
muzigae-mansion-one-only-single-shadow,One & Only Single Shadow,"<p>A single-pan eye shadow with a soft, buildable finish. Four textures.</p>",MUZIGAE MANSION,,Eyes,"eyes, made-the-edit, makeup",true,Option,Glitter,,,,,,,,muzigae-mansion-one-only-single-shadow-01,0.0,shopify,deny,manual,16.00,,true,true,,,,,,https://cdn.shopify.com/s/files/1/0830/5741/0292/files/muzigae-one-only-single-shadow-01.webp?v=1779882621,1,"",false,,,,"Single-shade eye
Layering
Travel-friendly",,,"Buildable single-pan pigment across matte, satin, and shimmer finishes. Lays evenly and blends without fallout.",Press onto the lid with a fingertip for full payoff or sweep with a soft brush for a wash. Layer with other shades to build a defined eye.,TRUE,,"A single-pan eye shadow with a soft, buildable finish. Four textures.",,,,,lb,,,,,,active
muzigae-mansion-one-only-single-shadow,,,,,,,,,Shimmer,,,,,,,,muzigae-mansion-one-only-single-shadow-02,0.0,shopify,deny,manual,16.00,,true,true,,,,,,https://cdn.shopify.com/s/files/1/0830/5741/0292/files/muzigae-one-only-single-shadow-02.webp?v=1779882621,2,"",,,,,,,,,,,,,,,,,lb,,,,,,
muzigae-mansion-one-only-single-shadow,,,,,,,,,Matte,,,,,,,,muzigae-mansion-one-only-single-shadow-03,0.0,shopify,deny,manual,16.00,,true,true,,,,,,https://cdn.shopify.com/s/files/1/0830/5741/0292/files/muzigae-one-only-single-shadow-03.webp?v=1779882621,3,"",,,,,,,,,,,,,,,,,lb,,,,,,
muzigae-mansion-one-only-single-shadow,,,,,,,,,Satin,,,,,,,,muzigae-mansion-one-only-single-shadow-04,0.0,shopify,deny,manual,16.00,,true,true,,,,,,,,,,,,,,,,,,,,,,,,,lb,,,,,,
muzigae-mansion-moodwear-blur-lipstick,Moodwear Blur Lipstick,<p>A soft-focus matte lipstick with a lived-in blur finish.</p>,MUZIGAE MANSION,,Lip,"lips, makeup",true,Option,01 Drift,,,,,,,,muzigae-mansion-moodwear-blur-lipstick-01,0.0,shopify,deny,manual,24.00,,true,true,,,,,,https://cdn.shopify.com/s/files/1/0830/5741/0292/files/muzigae-moodwear-blur-lipstick-01.webp?v=1779882616,1,"",false,,,,"Defined lip
Editorial finish
Evening",,,"Full pigment in one pass. Sets to a soft, powdery matte that holds its shape through wear.","Apply directly from the bullet, starting at the centre of the lip and pressing out. For a softer edge, tap out with a fingertip.",,,A soft-focus matte lipstick with a lived-in blur finish.,A matte that reads soft rather than dry. The blurred finish gives weight and edge without the flatness most matte bullets settle into.,,,,lb,,,,,,active
muzigae-mansion-moodwear-blur-lipstick,,,,,,,,,02 Grain,,,,,,,,muzigae-mansion-moodwear-blur-lipstick-02,0.0,shopify,deny,manual,24.00,,true,true,,,,,,https://cdn.shopify.com/s/files/1/0830/5741/0292/files/muzigae-moodwear-blur-lipstick-02.webp?v=1779882616,2,"",,,,,,,,,,,,,,,,,lb,,,,,,
muzigae-mansion-moodwear-blur-lipstick,,,,,,,,,03 Warmth,,,,,,,,muzigae-mansion-moodwear-blur-lipstick-03,0.0,shopify,deny,manual,24.00,,true,true,,,,,,https://cdn.shopify.com/s/files/1/0830/5741/0292/files/muzigae-moodwear-blur-lipstick-03.webp?v=1779882616,3,"",,,,,,,,,,,,,,,,,lb,,,,,,
muzigae-mansion-moodwear-blur-lipstick,,,,,,,,,04 Flush,,,,,,,,muzigae-mansion-moodwear-blur-lipstick-04,0.0,shopify,deny,manual,24.00,,true,true,,,,,,,,,,,,,,,,,,,,,,,,,lb,,,,,,
jungsaemmool-skin-nuder-foundation,Skin Nuder Foundation,"<p>A lightweight liquid foundation for a sheer, skin-true finish. 30 ml.</p>",JUNGSAEMMOOL,,Face,"face, makeup",true,Option,Light,,,,,,,,jungsaemmool-skin-nuder-foundation-01,0.0,shopify,deny,manual,48.00,,true,true,,,,,,https://cdn.shopify.com/s/files/1/0830/5741/0292/files/jungsaemmool-skin-nuder-foundation-01.webp?v=1779882611,1,"",false,,,,"Daily wear
Skin-true finish
Layering with a powder set",,,"Lightweight liquid that lays in a soft, second-skin finish. Buildable from a sheer wash to medium coverage without going heavy.","Press a small amount onto the puff or fingertips. Tap onto the centre of the face and blend outward, building only where needed.",,,"A lightweight liquid foundation for a sheer, skin-true finish. 30 ml.","An iF Design Award winning bottle around a base built by a working artist. The finish reads as skin rather than coverage, which is the harder thing to engineer.",,,,lb,,,,,,active
jungsaemmool-skin-nuder-foundation,,,,,,,,,Medium Light,,,,,,,,jungsaemmool-skin-nuder-foundation-02,0.0,shopify,deny,manual,48.00,,true,true,,,,,,https://cdn.shopify.com/s/files/1/0830/5741/0292/files/jungsaemmool-skin-nuder-foundation-02.webp?v=1779882611,2,"",,,,,,,,,,,,,,,,,lb,,,,,,
jungsaemmool-skin-nuder-foundation,,,,,,,,,Medium,,,,,,,,jungsaemmool-skin-nuder-foundation-03,0.0,shopify,deny,manual,48.00,,true,true,,,,,,https://cdn.shopify.com/s/files/1/0830/5741/0292/files/jungsaemmool-skin-nuder-foundation-03.webp?v=1779882611,3,"",,,,,,,,,,,,,,,,,lb,,,,,,
jungsaemmool-skin-nuder-foundation,,,,,,,,,Medium Deep,,,,,,,,jungsaemmool-skin-nuder-foundation-04,0.0,shopify,deny,manual,48.00,,true,true,,,,,,,,,,,,,,,,,,,,,,,,,lb,,,,,,
jungsaemmool-new-classic-matte-lipstick,New Classic Matte Lipstick,"<p>A velvet matte lipstick with a buildable, second-skin finish.</p>",JUNGSAEMMOOL,,Lip,"bestseller, lips, made-the-edit, makeup",true,Option,Understated,,,,,,,,jungsaemmool-new-classic-matte-lipstick-01,0.0,shopify,deny,manual,34.00,,true,true,,,,,,https://cdn.shopify.com/s/files/1/0830/5741/0292/files/jungsaemmool-new-classic-matte-lipstick-01.webp?v=1779882605,1,"",false,,,'8,"Defined lip
Photography
All-day wear",,,Soft-matte finish with full pigment. Lays evenly without dragging or settling into lines.,"Apply directly from the bullet, starting at the centre of the lip and pressing out to the edge. Blot for an even softer finish.",TRUE,,"A velvet matte lipstick with a buildable, second-skin finish.",A matte from a working artist's brand that prioritises wear over flatness. Pigment lays evenly in one pass and stays comfortable through the day.,,,,lb,,,,,,active
jungsaemmool-new-classic-matte-lipstick,,,,,,,,,Statement,,,,,,,,jungsaemmool-new-classic-matte-lipstick-02,0.0,shopify,deny,manual,34.00,,true,true,,,,,,https://cdn.shopify.com/s/files/1/0830/5741/0292/files/jungsaemmool-new-classic-matte-lipstick-02.webp?v=1779882605,2,"",,,,,,,,,,,,,,,,,lb,,,,,,
jungsaemmool-new-classic-matte-lipstick,,,,,,,,,Refined,,,,,,,,jungsaemmool-new-classic-matte-lipstick-03,0.0,shopify,deny,manual,34.00,,true,true,,,,,,https://cdn.shopify.com/s/files/1/0830/5741/0292/files/jungsaemmool-new-classic-matte-lipstick-03.webp?v=1779882606,3,"",,,,,,,,,,,,,,,,,lb,,,,,,
jungsaemmool-new-classic-matte-lipstick,,,,,,,,,Muted,,,,,,,,jungsaemmool-new-classic-matte-lipstick-04,0.0,shopify,deny,manual,34.00,,true,true,,,,,,,,,,,,,,,,,,,,,,,,,lb,,,,,,
hera-soft-finish-loose-powder,Soft Finish Loose Powder,<p>A finishing powder that blurs pores and sets base with a soft-focus effect.</p>,HERA,,Face,"face, makeup",true,Option,One size,,,,,,,,hera-soft-finish-loose-powder-01,0.0,shopify,deny,manual,44.00,,true,true,,,,,,https://cdn.shopify.com/s/files/1/0830/5741/0292/files/hera-soft-finish-loose-powder-01.webp?v=1779882600,1,"",false,,,,"Setting base
Soft-focus finish
Travel-friendly",,,"Finely milled with a weightless feel. Sets base makeup to a soft, blurred finish without flattening the skin.","Tap a small amount onto the puff or brush, press into the T-zone and any areas prone to movement, then dust off any excess.",,,A finishing powder that blurs pores and sets base with a soft-focus effect.,,,,,lb,,,,,,active
hera-soft-finish-loose-powder,,,,,,,,,,,,,,,,,,,,,,,,,,,,,,,https://cdn.shopify.com/s/files/1/0830/5741/0292/files/hera-soft-finish-loose-powder-02.webp?v=1779882600,2,"",,,,,,,,,,,,,,,,,,,,,,,
hera-soft-finish-loose-powder,,,,,,,,,,,,,,,,,,,,,,,,,,,,,,,https://cdn.shopify.com/s/files/1/0830/5741/0292/files/hera-soft-finish-loose-powder-03.webp?v=1779882600,3,"",,,,,,,,,,,,,,,,,,,,,,,
hera-rouge-classy,Rouge Classy,"<p>A creamy, full-coverage lipstick with a sophisticated semi-matte finish.</p>",HERA,,Lip,"lips, makeup",true,Option,250 Rosy Suede,,,,,,,,hera-rouge-classy-01,0.0,shopify,deny,manual,36.00,,true,true,,,,,,https://cdn.shopify.com/s/files/1/0830/5741/0292/files/hera-rouge-classy-01.webp?v=1779882595,1,"",false,,,,"Evening
Polished daily wear
Precise application",,,Satin finish with even payoff. Comfortable through wear without dragging.,"Apply directly from the bullet, starting at the centre of the lip and pressing out to the edge.",,,"A creamy, full-coverage lipstick with a sophisticated semi-matte finish.","A clean, prestige red in a slim case. The satin finish reads as colour without the weight of a matte, and the slimline bullet lays a precise edge in a single pass.",,,,lb,,,,,,active
hera-rouge-classy,,,,,,,,,176 Nude Beige,,,,,,,,hera-rouge-classy-02,0.0,shopify,deny,manual,36.00,,true,true,,,,,,https://cdn.shopify.com/s/files/1/0830/5741/0292/files/hera-rouge-classy-02.webp?v=1779882595,2,"",,,,,,,,,,,,,,,,,lb,,,,,,
hera-rouge-classy,,,,,,,,,277 Red Vibe,,,,,,,,hera-rouge-classy-03,0.0,shopify,deny,manual,36.00,,true,true,,,,,,https://cdn.shopify.com/s/files/1/0830/5741/0292/files/hera-rouge-classy-03.webp?v=1779882595,3,"",,,,,,,,,,,,,,,,,lb,,,,,,
jungsaemmool-classic-shine-lipstick,Classic Shine Lipstick,<p>A satin-shine lipstick with rich colour payoff and a comfortable feel.</p>,JUNGSAEMMOOL,,Lip,"lips, makeup",true,Option,Essential,,,,,,,,jungsaemmool-classic-shine-lipstick-01,0.0,shopify,deny,manual,32.00,,true,true,,,,,,https://cdn.shopify.com/s/files/1/0830/5741/0292/files/jungsaemmool-classic-shine-lipstick-01.webp?v=1779882590,1,"",false,,,,,,,,,,,A satin-shine lipstick with rich colour payoff and a comfortable feel.,,,,,lb,,,,,,active
jungsaemmool-classic-shine-lipstick,,,,,,,,,Alluring,,,,,,,,jungsaemmool-classic-shine-lipstick-02,0.0,shopify,deny,manual,32.00,,true,true,,,,,,https://cdn.shopify.com/s/files/1/0830/5741/0292/files/jungsaemmool-classic-shine-lipstick-02.webp?v=1779882590,2,"",,,,,,,,,,,,,,,,,lb,,,,,,
jungsaemmool-classic-shine-lipstick,,,,,,,,,Iconic,,,,,,,,jungsaemmool-classic-shine-lipstick-03,0.0,shopify,deny,manual,32.00,,true,true,,,,,,https://cdn.shopify.com/s/files/1/0830/5741/0292/files/jungsaemmool-classic-shine-lipstick-03.webp?v=1779882590,3,"",,,,,,,,,,,,,,,,,lb,,,,,,
hera-silky-stay-24h-foundation,Silky Stay 24H Longwear Foundation,"<p>A longwear liquid foundation with a satin finish. SPF 20 PA++, 30 ml.</p>",HERA,,Face,"face, makeup",true,Option,13 Ivory,,,,,,,,hera-silky-stay-24h-foundation-01,0.0,shopify,deny,manual,58.00,,true,true,,,,,,https://cdn.shopify.com/s/files/1/0830/5741/0292/files/hera-silky-stay-foundation-01.webp?v=1779882584,1,"",false,,,,"Longwear
Satin finish
Daily SPF",,,"All-day comfort with a satin, retouch-free finish. SPF 20 PA++.","Press a small amount onto the centre of the face and blend outward with fingertips, brush, or sponge. Build only where needed.",,,"A longwear liquid foundation with a satin finish. SPF 20 PA++, 30 ml.",,,,,lb,,,,,,active
hera-silky-stay-24h-foundation,,,,,,,,,17 Vanilla,,,,,,,,hera-silky-stay-24h-foundation-02,0.0,shopify,deny,manual,58.00,,true,true,,,,,,https://cdn.shopify.com/s/files/1/0830/5741/0292/files/hera-silky-stay-foundation-02.webp?v=1779882584,2,"",,,,,,,,,,,,,,,,,lb,,,,,,
hera-silky-stay-24h-foundation,,,,,,,,,21N1 Vanilla Cover,,,,,,,,hera-silky-stay-24h-foundation-03,0.0,shopify,deny,manual,58.00,,true,true,,,,,,https://cdn.shopify.com/s/files/1/0830/5741/0292/files/hera-silky-stay-foundation-03.webp?v=1779882584,3,"",,,,,,,,,,,,,,,,,lb,,,,,,
hera-silky-stay-24h-foundation,,,,,,,,,21N2 Beige Vanilla,,,,,,,,hera-silky-stay-24h-foundation-04,0.0,shopify,deny,manual,58.00,,true,true,,,,,,,,,,,,,,,,,,,,,,,,,lb,,,,,,
hera-silky-stay-24h-foundation,,,,,,,,,21C1 Cool Vanilla,,,,,,,,hera-silky-stay-24h-foundation-05,0.0,shopify,deny,manual,58.00,,true,true,,,,,,,,,,,,,,,,,,,,,,,,,lb,,,,,,
hera-silky-stay-24h-foundation,,,,,,,,,23N1 Beige,,,,,,,,hera-silky-stay-24h-foundation-06,0.0,shopify,deny,manual,58.00,,true,true,,,,,,,,,,,,,,,,,,,,,,,,,lb,,,,,,
hera-silky-stay-24h-foundation,,,,,,,,,23N2 Sand,,,,,,,,hera-silky-stay-24h-foundation-07,0.0,shopify,deny,manual,58.00,,true,true,,,,,,,,,,,,,,,,,,,,,,,,,lb,,,,,,
hera-silky-stay-24h-foundation,,,,,,,,,25N1 Tan,,,,,,,,hera-silky-stay-24h-foundation-08,0.0,shopify,deny,manual,58.00,,true,true,,,,,,,,,,,,,,,,,,,,,,,,,lb,,,,,,
jungsaemmool-artist-eye-palette,Artist Eye Palette,"<p>A six-pan eye palette across matte, satin, and shimmer in three editions.</p>",JUNGSAEMMOOL,,Eyes,"creator-pick, eyes, made-the-edit, makeup",true,Option,01 Pink Believe,,,,,,,,jungsaemmool-artist-eye-palette-01,0.0,shopify,deny,manual,42.00,,true,true,,,,,"",https://cdn.shopify.com/s/files/1/0830/5741/0292/files/jungsaemmool-artist-eye-palette-01.webp?v=1779882580,1,"",false,,,,"Daily eye
Soft shimmer
Defined finish",,,"Six coordinated pans across matte, satin, and shimmer. Pigment is buildable from a soft wash to a defined eye.",Sweep the lightest matte across the lid as a base. Layer the shimmer through the centre and deepen the outer corner with the darkest tone.,TRUE,,"A six-pan eye palette across matte, satin, and shimmer in three editions.",,,,,lb,,,,,,active
jungsaemmool-artist-eye-palette,,,,,,,,,02 Mint Beauty,,,,,,,,jungsaemmool-artist-eye-palette-02,0.0,shopify,deny,manual,42.00,,true,true,,,,,"",https://cdn.shopify.com/s/files/1/0830/5741/0292/files/jungsaemmool-artist-eye-palette-02.webp?v=1779882580,2,"",,,,,,,,,,,,,,,,,lb,,,,,,
jungsaemmool-artist-eye-palette,,,,,,,,,03 Nude Edit,,,,,,,,jungsaemmool-artist-eye-palette-03,0.0,shopify,deny,manual,42.00,,true,true,,,,,"",https://cdn.shopify.com/s/files/1/0830/5741/0292/files/jungsaemmool-artist-eye-palette-03.webp?v=1779882580,3,"",,,,,,,,,,,,,,,,,lb,,,,,,
giverny-dewy-lip-glaze,Dewy Lip Glaze,"<p>A glassy, cushioned lip glaze with non-sticky shine.</p>",Giverny,,Lip,"lips, makeup, new",true,Option,01 Muted Peach,,,,,,,,giverny-dewy-lip-glaze-01,0.0,shopify,deny,manual,22.00,,true,true,,,,,,https://cdn.shopify.com/s/files/1/0830/5741/0292/files/giverny-dewy-lip-glaze-01.webp?v=1779882575,1,"",false,,,,"Daily wear
Layering over balm or tint",,,"Glassy, cushioned shine in a single pass. Non-sticky on settle.",,,,"A glassy, cushioned lip glaze with non-sticky shine.",,,,,lb,,,,,,active
giverny-dewy-lip-glaze,,,,,,,,,02 Mellow Beige,,,,,,,,giverny-dewy-lip-glaze-02,0.0,shopify,deny,manual,22.00,,true,true,,,,,,https://cdn.shopify.com/s/files/1/0830/5741/0292/files/giverny-dewy-lip-glaze-02.webp?v=1779882575,2,"",,,,,,,,,,,,,,,,,lb,,,,,,
giverny-dewy-lip-glaze,,,,,,,,,03 Kitten Coral,,,,,,,,giverny-dewy-lip-glaze-03,0.0,shopify,deny,manual,22.00,,true,true,,,,,,https://cdn.shopify.com/s/files/1/0830/5741/0292/files/giverny-dewy-lip-glaze-03.webp?v=1779882575,3,"",,,,,,,,,,,,,,,,,lb,,,,,,
giverny-dewy-lip-glaze,,,,,,,,,04 Youth Pink,,,,,,,,giverny-dewy-lip-glaze-04,0.0,shopify,deny,manual,22.00,,true,true,,,,,,,,,,,,,,,,,,,,,,,,,lb,,,,,,
giverny-dewy-lip-glaze,,,,,,,,,05 Refine Mauve,,,,,,,,giverny-dewy-lip-glaze-05,0.0,shopify,deny,manual,22.00,,true,true,,,,,,,,,,,,,,,,,,,,,,,,,lb,,,,,,
giverny-dewy-lip-glaze,,,,,,,,,06 Lychee Red,,,,,,,,giverny-dewy-lip-glaze-06,0.0,shopify,deny,manual,22.00,,true,true,,,,,,,,,,,,,,,,,,,,,,,,,lb,,,,,,
giverny-dewy-lip-glaze,,,,,,,,,07 Creamy Rose,,,,,,,,giverny-dewy-lip-glaze-07,0.0,shopify,deny,manual,22.00,,true,true,,,,,,,,,,,,,,,,,,,,,,,,,lb,,,,,,
giverny-dewy-lip-glaze,,,,,,,,,08 Mauve Muhly,,,,,,,,giverny-dewy-lip-glaze-08,0.0,shopify,deny,manual,22.00,,true,true,,,,,,,,,,,,,,,,,,,,,,,,,lb,,,,,,
dasique-mood-painting-lip-cheek-palette,Mood Painting Lip and Cheek Palette,"<p>A multi-use cream palette for cheeks and lips, in tied-together tones.</p>",dasique,,Face,"face, limited, makeup",true,Option,Mood 01 Pink,,,,,,,,dasique-mood-painting-lip-cheek-palette-01,0.0,shopify,deny,manual,28.00,,true,true,,,,,,https://cdn.shopify.com/s/files/1/0830/5741/0292/files/dasique-lip-cheek-palette-01.webp?v=1779882570,1,"",false,,,,"Lip and cheek
Soft daily flush
Travel",,,Cream-to-satin texture that blends out evenly on cheeks and lips. Buildable from a flush to a fuller wash.,"Tap a fingertip or small brush into a single shade. Press onto the apples of the cheeks, then layer the same tone onto the lips for a tied-together finish.",,,"A multi-use cream palette for cheeks and lips, in tied-together tones.",,,,,lb,,,,,,active
dasique-mood-painting-lip-cheek-palette,,,,,,,,,Mood 02 Coral,,,,,,,,dasique-mood-painting-lip-cheek-palette-02,0.0,shopify,deny,manual,28.00,,true,true,,,,,,https://cdn.shopify.com/s/files/1/0830/5741/0292/files/dasique-lip-cheek-palette-02.webp?v=1779882570,2,"",,,,,,,,,,,,,,,,,lb,,,,,,
dasique-mood-painting-lip-cheek-palette,,,,,,,,,Mood 03 Mauve,,,,,,,,dasique-mood-painting-lip-cheek-palette-03,0.0,shopify,deny,manual,28.00,,true,true,,,,,,https://cdn.shopify.com/s/files/1/0830/5741/0292/files/dasique-lip-cheek-palette-03.webp?v=1779882570,3,"",,,,,,,,,,,,,,,,,lb,,,,,,
dasique-mood-painting-lip-cheek-palette,,,,,,,,,Mood 04 Sweet Bear,,,,,,,,dasique-mood-painting-lip-cheek-palette-04,0.0,shopify,deny,manual,28.00,,true,true,,,,,,,,,,,,,,,,,,,,,,,,,lb,,,,,,
muzigae-mansion-objet-water,Objet Water,"<p>A water-light liquid lip tint that sets to a soft, lived-in stain.</p>",MUZIGAE MANSION,,Lip,"lips, makeup, new",true,Option,001,,,,,,,,muzigae-mansion-objet-water-01,0.0,shopify,deny,manual,19.00,,true,true,,,,,,https://cdn.shopify.com/s/files/1/0830/5741/0292/files/muzigae-objet-water-01.webp?v=1779882565,1,"",false,,,,"Daily wear
Soft stain finish",,,"Water-light texture that sets to a soft, lived-in stain. Reads as colour, not gloss.",Dab from the tube applicator onto the centre of the lips and press out with a fingertip for a diffused edge.,,,"A water-light liquid lip tint that sets to a soft, lived-in stain.",,,,,lb,,,,,,active
muzigae-mansion-objet-water,,,,,,,,,002,,,,,,,,muzigae-mansion-objet-water-02,0.0,shopify,deny,manual,19.00,,true,true,,,,,,https://cdn.shopify.com/s/files/1/0830/5741/0292/files/muzigae-objet-water-02.webp?v=1779882565,2,"",,,,,,,,,,,,,,,,,lb,,,,,,
muzigae-mansion-objet-water,,,,,,,,,003 Posh,,,,,,,,muzigae-mansion-objet-water-03,0.0,shopify,deny,manual,19.00,,true,true,,,,,,https://cdn.shopify.com/s/files/1/0830/5741/0292/files/muzigae-objet-water-03.webp?v=1779882565,3,"",,,,,,,,,,,,,,,,,lb,,,,,,
muzigae-mansion-objet-water,,,,,,,,,004,,,,,,,,muzigae-mansion-objet-water-04,0.0,shopify,deny,manual,19.00,,true,true,,,,,,,,,,,,,,,,,,,,,,,,,lb,,,,,,
muzigae-mansion-objet-water,,,,,,,,,005,,,,,,,,muzigae-mansion-objet-water-05,0.0,shopify,deny,manual,19.00,,true,true,,,,,,,,,,,,,,,,,,,,,,,,,lb,,,,,,
muzigae-mansion-objet-water,,,,,,,,,006,,,,,,,,muzigae-mansion-objet-water-06,0.0,shopify,deny,manual,19.00,,true,true,,,,,,,,,,,,,,,,,,,,,,,,,lb,,,,,,
muzigae-mansion-objet-water,,,,,,,,,008 Pitch,,,,,,,,muzigae-mansion-objet-water-07,0.0,shopify,deny,manual,19.00,,true,true,,,,,,,,,,,,,,,,,,,,,,,,,lb,,,,,,
sum37-micro-active-powder-wash,Micro-Active Powder Wash,"<p>A naturally fermented enzyme powder cleanser for soft, refined skin.</p>",su:m37°,,Cleanse & Remove,"bestseller, cleanse-and-remove, made-the-edit, skincare",true,Option,60 g,,,,,,,,sum37-micro-active-powder-wash-01,0.0,shopify,deny,manual,48.00,,true,true,,,,,,https://cdn.shopify.com/s/files/1/0830/5741/0292/files/sum37-powder-wash-01.webp?v=1779882561,1,"",false,,,'6,"Daily second cleanse
Texture refinement
Sensitive skin",sun-young-ha,"The enzyme cleanser I trust on a daily routine, not just weekly.",Lathers into a soft foam in the hands. Rinses cleanly with no tight feeling.,"Tip a small amount into wet palms. Build a foam, massage onto damp skin for thirty seconds, rinse with lukewarm water.",TRUE,,"A naturally fermented enzyme powder cleanser for soft, refined skin.",A daily-suitable enzyme cleanser that refines texture without stripping. The fermented base reads gentle on reactive skin.,,,,lb,,,,,,active
sum37-micro-active-powder-wash,,,,,,,,,,,,,,,,,,,,,,,,,,,,,,,https://cdn.shopify.com/s/files/1/0830/5741/0292/files/sum37-powder-wash-02.webp?v=1779882561,2,"",,,,,,,,,,,,,,,,,,,,,,,
sum37-micro-active-powder-wash,,,,,,,,,,,,,,,,,,,,,,,,,,,,,,,https://cdn.shopify.com/s/files/1/0830/5741/0292/files/sum37-powder-wash-03.webp?v=1779882561,3,"",,,,,,,,,,,,,,,,,,,,,,,
muzigae-mansion-tinted-lip-balm,Tinted Lip Balm,"<p>A tinted balm with a soft, lived-in finish. Eight wearable shades.</p>",MUZIGAE MANSION,,Lip,"bestseller, lips, made-the-edit, makeup, new",true,Option,Stillness,,,,,,,,muzigae-mansion-tinted-lip-balm-01,0.0,shopify,deny,manual,22.00,,true,true,,,,,"",https://cdn.shopify.com/s/files/1/0830/5741/0292/files/muzigae-lip-balm-01.webp?v=1779882555,1,"",false,,,'4,"Daily wear
Off-duty
Layering over balm",,,"Cushiony on application, settles to a soft satin. Wears down evenly rather than patchy.",Apply directly from the bullet. Press together to even out. Reapply through the day as wanted.,TRUE,,"A tinted balm with a soft, lived-in finish. Eight wearable shades.",A tinted balm that stays comfortable and reads as lived-in colour rather than gloss. The shade range is unusually restrained for a balm format.,,,,lb,,,,,,active
muzigae-mansion-tinted-lip-balm,,,,,,,,,Bare,,,,,,,,muzigae-mansion-tinted-lip-balm-02,0.0,shopify,deny,manual,22.00,,true,true,,,,,"",https://cdn.shopify.com/s/files/1/0830/5741/0292/files/muzigae-lip-balm-02.webp?v=1779882555,2,"",,,,,,,,,,,,,,,,,lb,,,,,,
muzigae-mansion-tinted-lip-balm,,,,,,,,,Petal,,,,,,,,muzigae-mansion-tinted-lip-balm-03,0.0,shopify,deny,manual,22.00,,true,true,,,,,,https://cdn.shopify.com/s/files/1/0830/5741/0292/files/muzigae-lip-balm-03.webp?v=1779882555,3,"",,,,,,,,,,,,,,,,,lb,,,,,,
muzigae-mansion-tinted-lip-balm,,,,,,,,,Whisper,,,,,,,,muzigae-mansion-tinted-lip-balm-04,0.0,shopify,deny,manual,22.00,,true,true,,,,,,,,,,,,,,,,,,,,,,,,,lb,,,,,,
muzigae-mansion-tinted-lip-balm,,,,,,,,,Mauve,,,,,,,,muzigae-mansion-tinted-lip-balm-05,0.0,shopify,deny,manual,22.00,,true,true,,,,,,,,,,,,,,,,,,,,,,,,,lb,,,,,,
muzigae-mansion-tinted-lip-balm,,,,,,,,,Rosewood,,,,,,,,muzigae-mansion-tinted-lip-balm-06,0.0,shopify,deny,manual,22.00,,true,true,,,,,,,,,,,,,,,,,,,,,,,,,lb,,,,,,
muzigae-mansion-tinted-lip-balm,,,,,,,,,Berry,,,,,,,,muzigae-mansion-tinted-lip-balm-07,0.0,shopify,deny,manual,22.00,,true,true,,,,,,,,,,,,,,,,,,,,,,,,,lb,,,,,,
muzigae-mansion-tinted-lip-balm,,,,,,,,,Plum,,,,,,,,muzigae-mansion-tinted-lip-balm-08,0.0,shopify,deny,manual,22.00,,true,true,,,,,,,,,,,,,,,,,,,,,,,,,lb,,,,,,
jungsaemmool-essential-skin-nuder-cushion,Essential Skin Nuder Long Wear Cushion,<p>A long-wear cushion with a soft satin finish. Refill included.</p>,JUNGSAEMMOOL,,Face,"bestseller, creator-pick, face, made-the-edit, makeup",true,Option,21 Light,,,,,,,,jungsaemmool-essential-skin-nuder-cushion-01,0.0,shopify,deny,manual,54.00,,true,true,,,,,,https://cdn.shopify.com/s/files/1/0830/5741/0292/files/jungsaemmool-cushion-01.webp?v=1779882549,1,"",false,,,'2,"Daily wear
Photography
Normal to combination",maya-ito,The cushion I keep in my kit when the brief is skin-true.,Sheer to medium with one to two presses. Sets to a soft satin without powder for most skin types. Comfortable through a long day.,"Press the puff onto the cushion, then tap onto the centre of the face and blend outward. Layer where needed. Snap in the refill once the original runs out.",TRUE,,A long-wear cushion with a soft satin finish. Refill included.,"Built by a working artist for working skin. The finish reads as skin under daylight and stage light, and a refill is included so the case becomes a long-term object rather than a single use.",,,,lb,,,,,,active
jungsaemmool-essential-skin-nuder-cushion,,,,,,,,,21N Neutral,,,,,,,,jungsaemmool-essential-skin-nuder-cushion-02,0.0,shopify,deny,manual,54.00,,true,true,,,,,,https://cdn.shopify.com/s/files/1/0830/5741/0292/files/jungsaemmool-cushion-02.webp?v=1779882549,2,"",,,,,,,,,,,,,,,,,lb,,,,,,
jungsaemmool-essential-skin-nuder-cushion,,,,,,,,,23 Natural,,,,,,,,jungsaemmool-essential-skin-nuder-cushion-03,0.0,shopify,deny,manual,54.00,,true,true,,,,,,https://cdn.shopify.com/s/files/1/0830/5741/0292/files/jungsaemmool-cushion-03.webp?v=1779882549,3,"",,,,,,,,,,,,,,,,,lb,,,,,,
jungsaemmool-essential-skin-nuder-cushion,,,,,,,,,23N Warm,,,,,,,,jungsaemmool-essential-skin-nuder-cushion-04,0.0,shopify,deny,manual,54.00,,true,true,,,,,,,,,,,,,,,,,,,,,,,,,lb,,,,,,
jungsaemmool-essential-skin-nuder-cushion,,,,,,,,,25 Tan,,,,,,,,jungsaemmool-essential-skin-nuder-cushion-05,0.0,shopify,deny,manual,54.00,,true,true,,,,,,,,,,,,,,,,,,,,,,,,,lb,,,,,,
jungsaemmool-essential-skin-nuder-cushion,,,,,,,,,27 Deep,,,,,,,,jungsaemmool-essential-skin-nuder-cushion-06,0.0,shopify,deny,manual,54.00,,true,true,,,,,,,,,,,,,,,,,,,,,,,,,lb,,,,,,
